{"62": {"metric": -0.04244577884674072, "pos_fidel": 1.0, "neg_fidel": 0.0, "char_score": 1.0}, "53": {"metric": 0.033042848110198975, "pos_fidel": 1.0, "neg_fidel": 0.0, "char_score": 1.0}, "49": {"metric": -0.012903213500976562, "pos_fidel": 0.0, "neg_fidel": 1.0, "char_score": 0}, "43": {"metric": 0.004976451396942139, "pos_fidel": 0.0, "neg_fidel": 1.0, "char_score": 0}, "82": {"metric": 0.16511797904968262, "pos_fidel": 0.0, "neg_fidel": 0.0, "char_score": 0}, "54": {"metric": 0.15178459882736206, "pos_fidel": 0.0, "neg_fidel": 0.0, "char_score": 0}, "39": {"metric": 0.119148850440979, "pos_fidel": 0.0, "neg_fidel": 1.0, "char_score": 0}, "80": {"metric": 0.16027319431304932, "pos_fidel": 0.0, "neg_fidel": 1.0, "char_score": 0}, "48": {"metric": -0.005193352699279785, "pos_fidel": 1.0, "neg_fidel": 1.0, "char_score": 0}, "26": {"metric": 0.05154573917388916, "pos_fidel": 0.0, "neg_fidel": 1.0, "char_score": 0}}